date,variation,load_kg,reps,rir,warmup,fail,notes
2026-03-07,flat,20,10,,true,false,""
2026-03-07,flat,40,6,,true,false,""
2026-03-07,flat,60,3,,true,false,""
2026-03-07,flat,70,3,,true,false,""
2026-03-07,flat,80,2,1.5,true,false,""
2026-03-07,flat,90,1,1,false,false,""
2026-03-07,flat,85,2,0.5,false,false,""
2026-03-07,flat,80,3,0.5,false,false,""
2026-03-05,flat,20,10,,true,false,""
2026-03-05,flat,60,5,,true,false,""
2026-03-05,flat,70,3,,true,false,""
2026-03-05,flat,80,5,0,false,false,""
2026-03-05,flat,85,3,0,false,false,""
2026-03-03,flat,20,10,,true,false,""
2026-03-03,flat,60,5,,true,false,""
2026-03-03,flat,70,3,,true,false,""
2026-03-03,flat,70,3,,true,false,""
2026-03-03,flat,80,1,1.5,false,false,""
2026-03-03,flat,85,1,2.5,false,false,""
2026-03-03,flat,92.5,0,0,false,false,""
2026-03-02,flat,20,10,,true,false,""
2026-03-02,flat,40,8,,true,false,""
2026-03-02,flat,60,5,,true,false,""
2026-03-02,flat,70,3,,true,false,""
2026-03-02,flat,80,5,1.5,false,false,""
2026-03-02,flat,80,5,0.5,false,false,""
2026-03-02,flat,80,4,0.5,false,false,""
2026-02-28,flat,20,10,,true,false,""
2026-02-28,flat,40,8,,true,false,""
2026-02-28,flat,60,5,,true,false,""
2026-02-28,flat,70,3,,true,false,""
2026-02-28,flat,80,1,,true,false,""
2026-02-28,flat,90,1,1,false,false,""
2026-02-28,flat,90,1,0.5,false,false,""
2026-02-28,flat,80,4,1,false,false,""
2026-02-28,flat,80,4,0.5,false,false,""
2026-02-26,flat,20,10,,true,false,""
2026-02-26,flat,40,8,,true,false,""
2026-02-26,flat,60,5,,true,false,""
2026-02-26,flat,70,3,,true,false,""
2026-02-26,flat,80,1,,true,false,""
2026-02-26,flat,85,1,2,false,false,""
2026-02-26,flat,85,1,2,false,false,""
2026-02-26,flat,85,1,2,false,false,""
2026-02-26,flat,85,1,2,false,false,""
2026-02-23,flat,20,10,,true,false,""
2026-02-23,flat,40,8,,true,false,""
2026-02-23,flat,60,5,,true,false,""
2026-02-23,flat,72.5,3,,true,false,""
2026-02-23,flat,80,1,,true,false,""
2026-02-23,flat,90,1,0.5,false,false,""
2026-02-23,flat,75,4,1.5,false,false,""
2026-02-23,flat,75,4,1.5,false,false,""
2026-02-23,flat,75,4,2,false,false,""
2026-02-23,flat,75,4,2,false,false,""
2026-02-23,incline,40,12,4,false,false,""
2026-02-23,incline,50,8,1.5,false,false,""
2026-02-23,incline,50,6,1.5,false,false,""
2026-02-21,flat,20,5,,true,false,""
2026-02-21,flat,40,5,,true,false,""
2026-02-21,flat,60,5,,true,false,""
2026-02-21,flat,70,3,,true,false,""
2026-02-21,flat,80,1,,false,false,""
2026-02-21,flat,85,1,2.5,false,false,""
2026-02-21,flat,70,5,2.5,false,false,""
2026-02-21,flat,70,5,2,false,false,""
2026-02-21,flat,70,5,1.5,false,false,""
2026-02-19,flat,20,10,,true,false,""
2026-02-19,flat,40,8,,true,false,""
2026-02-19,flat,60,5,,true,false,""
2026-02-19,flat,70,3,,true,false,""
2026-02-19,flat,80,1,,true,false,""
2026-02-19,flat,85,1,2.5,false,false,""
2026-02-18,flat,20,10,,true,false,""
2026-02-18,flat,40,8,,true,false,""
2026-02-18,flat,60,5,,true,false,""
2026-02-18,flat,70,3,,true,false,""
2026-02-18,flat,80,1,,true,false,""
2026-02-18,flat,91.5,1,0.5,false,false,""
2026-02-16,flat,20,10,,true,false,""
2026-02-16,flat,40,8,,true,false,""
2026-02-16,flat,60,5,,true,false,""
2026-02-16,flat,70,3,,true,false,""
2026-02-16,flat,80,1,,true,false,""
2026-02-16,flat,91,1,,true,false,""
2026-02-12,flat,20,10,,true,false,""
2026-02-12,flat,40,8,,true,false,""
2026-02-12,flat,60,5,,true,false,""
2026-02-12,flat,70,3,,true,false,""
2026-02-12,flat,80,1,,true,false,""
2026-02-12,flat,90.5,1,1,true,false,""
2026-02-12,flat,83,3,1.5,false,false,""
2026-02-12,flat,80.5,3,1.5,false,false,""
2026-02-12,flat,80.5,3,1.5,false,false,""
2026-02-09,flat,20,10,,true,false,""
2026-02-09,flat,40,8,,true,false,""
2026-02-09,flat,55,5,,true,false,""
2026-02-09,flat,70,3,,true,false,""
2026-02-09,flat,80,1,,true,false,""
2026-02-09,flat,90,1,2,true,false,""
2026-02-09,flat,75,4,1.5,false,false,""
2026-02-09,flat,75,4,1.5,false,false,""
2026-02-09,flat,75,4,1,false,false,""
2026-02-09,flat,70,4,2.5,false,false,"75kg net te zwaar, ik doe een spoto pause bench variant waar ik de bar 1mm-1cm tot boven me chest laat zakken, doodstil, en dan press."
2026-02-09,close_grip,67.5,4,2.5,false,false,""
2026-02-09,close_grip,67.5,4,2,false,false,""
2026-02-09,close_grip,67.5,4,1.5,false,false,""
2026-02-07,flat,20,10,,true,false,""
2026-02-07,flat,40,8,,true,false,""
2026-02-07,flat,60,5,,true,false,""
2026-02-07,flat,70,2,,true,false,""
2026-02-07,flat,80,1,,true,false,""
2026-02-07,flat,85,1,3.5,true,false,""
2026-02-07,flat,70,5,2.5,false,false,""
2026-02-07,flat,70,5,1.5,false,false,""
2026-02-07,flat,70,5,1.5,false,false,""
2026-02-05,flat,20,10,,true,false,""
2026-02-05,flat,60,5,,true,false,""
2026-02-05,flat,70,2,,true,false,""
2026-02-05,flat,80,2,3.5,true,false,""
2026-02-05,flat,90,1,1.5,true,false,""
2026-02-05,flat,95,1,0.5,true,false,""
2026-02-05,flat,80,4,0.5,false,false,""
2026-02-05,flat,80,5,0.5,false,false,""
2026-02-05,flat,80,5,2.5,false,false,""
2026-02-02,flat,20,10,,true,false,""
2026-02-02,flat,40,8,,true,false,""
2026-02-02,flat,60,5,,true,false,""
2026-02-02,flat,80,1,,true,false,""
2026-02-02,flat,87.5,1,1.5,true,false,""
2026-02-02,flat,82.5,3,1.5,false,false,""
2026-02-02,flat,82.5,3,1.5,false,false,""
2026-02-02,flat,82.5,3,2.5,false,false,""
2026-01-31,flat,20,10,,true,false,""
2026-01-31,flat,40,8,,true,false,""
2026-01-31,flat,60,5,,true,false,""
2026-01-31,flat,70,2,,true,false,""
2026-01-31,flat,80,2,,true,false,""
2026-01-31,flat,90,1,0.5,true,false,""
2026-01-31,flat,75,3,1,false,false,""
2026-01-31,flat,75,3,1,false,false,""
2026-01-31,flat,75,3,1,false,false,""
2026-01-29,flat,20,10,,true,false,""
2026-01-29,flat,40,8,,true,false,""
2026-01-29,flat,60,5,,true,false,""
2026-01-29,flat,70,1,,true,false,""
2026-01-29,flat,80,1,,true,false,""
2026-01-29,flat,90,1,1.5,true,false,""
2026-01-29,flat,70,5,4,false,false,""
2026-01-29,flat,70,5,3,false,false,""
2026-01-29,flat,70,5,2,false,false,""
2026-01-28,flat,20,12,,true,false,""
2026-01-28,flat,60,5,,true,false,""
2026-01-28,flat,70,1,,true,false,""
2026-01-28,flat,80,1,,true,false,""
2026-01-28,flat,85,1,2,true,false,""
2026-01-28,flat,60,3,,false,false,""
2026-01-28,flat,60,3,,false,false,""
2026-01-28,flat,60,3,,false,false,""
2026-01-28,flat,60,3,,false,false,""
2026-01-26,flat,20,12,,true,false,""
2026-01-26,flat,40,8,,true,false,""
2026-01-26,flat,60,5,,true,false,""
2026-01-26,flat,70,2,,true,false,""
2026-01-26,flat,80,1,,true,false,""
2026-01-26,flat,85,4,0,false,false,""
2026-01-26,flat,85,4,0.5,false,false,""
2026-01-26,flat,85,3,0.5,false,true,""
2026-01-26,smith_incline,20,6,,true,false,""
2026-01-26,smith_incline,40,6,,true,false,""
2026-01-26,smith_incline,45,15,,false,false,""
2026-01-26,smith_incline,45,15,,false,false,""
2026-01-26,smith_incline,45,12,,false,true,""
2026-01-24,flat,20,12,,true,false,""
2026-01-24,flat,40,8,,true,false,""
2026-01-24,flat,60,5,,true,false,""
2026-01-24,flat,80,3,2,false,false,""
2026-01-24,flat,85,3,1,false,false,""
2026-01-24,flat,90,2,0.5,false,false,""
2026-01-22,flat,20,12,,true,false,""
2026-01-22,flat,60,5,,true,false,""
2026-01-22,flat,80,3,3,false,false,""
2026-01-22,flat,80,3,3,false,false,""
2026-01-22,flat,80,3,3,false,false,""
2026-01-22,flat,80,3,3,false,false,""
2026-01-22,incline,40,15,4,false,false,""
2026-01-22,incline,40,15,2,false,false,""
2026-01-22,incline,40,15,0,false,false,""
2026-01-19,flat,20,12,,true,false,""
2026-01-19,flat,60,5,,true,false,""
2026-01-19,flat,70,2,,true,false,""
2026-01-19,flat,80,3,,false,false,""
2026-01-19,flat,80,3,,false,false,""
2026-01-19,flat,80,3,,false,false,""
2026-01-18,flat,20,12,,true,false,""
2026-01-18,flat,60,5,,true,false,""
2026-01-18,flat,70,2,,true,false,""
2026-01-18,flat,80,2,,true,false,""
2026-01-18,flat,81,3,,false,false,""
2026-01-18,flat,81,3,,false,false,""
2026-01-18,flat,81,3,,false,false,""
2026-01-18,smith_incline,20,6,,true,false,""
2026-01-18,smith_incline,60,6,,false,false,""
2026-01-18,smith_incline,60,6,,false,false,""
2026-01-18,smith_incline,60,6,,false,false,""
2026-01-16,flat,20,12,,true,false,""
2026-01-16,flat,60,5,,true,false,""
2026-01-16,flat,70,3,,true,false,""
2026-01-16,flat,80,3,,false,false,""
2026-01-16,flat,80,3,,false,false,""
2026-01-16,flat,80,3,,false,false,""
2026-01-15,flat,20,12,,true,false,""
2026-01-15,flat,60,5,,false,false,""
2026-01-15,flat,60,5,,false,false,""
2026-01-15,flat,60,5,,false,false,""
2026-01-15,flat,60,5,,false,false,""
2026-01-15,flat,60,5,,false,false,""
2026-01-14,flat,20,12,,true,false,""
2026-01-14,flat,40,8,,true,false,""
2026-01-14,flat,60,5,,true,false,""
2026-01-14,flat,70,2,,true,false,""
2026-01-14,flat,90,2,,false,false,""
2026-01-14,flat,90,2,,false,false,""
2026-01-14,flat,90,2,,false,false,""
2026-01-13,flat,20,8,,true,false,""
2026-01-13,flat,60,5,,true,false,""
2026-01-13,flat,70,2,,true,false,""
2026-01-13,flat,85,4,0,false,false,""
2026-01-13,flat,85,4,0,false,false,""
2026-01-13,flat,85,4,0,false,false,""
2026-01-12,flat,20,8,,true,false,""
2026-01-12,flat,60,5,,true,false,""
2026-01-12,flat,80,5,1,false,false,""
2026-01-12,flat,80,5,1,false,false,""
2026-01-12,flat,80,5,2,false,false,""
2026-01-11,flat,20,8,,true,false,""
2026-01-11,flat,60,5,,true,false,""
2026-01-11,flat,70,3,,true,false,""
2026-01-11,flat,80,5,0.5,false,false,""
2026-01-11,flat,80,5,0.5,false,false,""
2026-01-11,flat,80,5,0,false,false,""
2026-01-11,smith_incline,20,6,,true,false,""
2026-01-11,smith_incline,40,15,1,false,false,""
2026-01-11,smith_incline,40,15,1,false,false,""
2026-01-11,smith_incline,40,12,0,false,false,""
2026-01-10,flat,20,12,,true,false,""
2026-01-10,flat,60,5,,true,false,""
2026-01-10,flat,80,4,,false,false,""
2026-01-10,flat,80,4,,false,false,""
2026-01-10,flat,80,4,,false,false,""
2026-01-08,flat,20,12,,true,false,""
2026-01-08,flat,60,5,,true,false,""
2026-01-08,flat,80,3,,true,false,""
2026-01-08,flat,90,2,0.5,false,false,"Ging voor 3"
2026-01-08,flat,90,1,0,false,false,""
2026-01-08,flat,85,2,1,false,false,""
2026-01-08,flat,85,2,0.5,false,false,""
2026-01-08,flat,85,2,0.5,false,false,""
2026-01-08,smith_incline,20,12,,true,false,""
2026-01-08,smith_incline,60,6,,false,false,""
2026-01-08,smith_incline,60,6,,false,false,""
2026-01-08,smith_incline,60,6,,false,false,""
2026-01-04,flat,20,12,,true,false,""
2026-01-04,flat,60,5,,true,false,""
2026-01-04,flat,82.5,3,,false,false,""
2026-01-04,flat,82.5,3,,false,false,""
2026-01-04,flat,82.5,3,,false,false,""
2026-01-04,flat,82.5,3,,false,false,""
2026-01-04,smith_incline,20,12,,true,false,""
2026-01-04,smith_incline,55,9,,false,false,""
2026-01-04,smith_incline,55,8,,false,false,""
2026-01-04,smith_incline,55,8,,false,false,""
2026-01-03,flat,20,12,,true,false,""
2026-01-03,flat,60,5,,true,false,""
2026-01-03,flat,60,5,,true,false,""
2026-01-03,flat,80,2,,false,false,""
2026-01-03,flat,80,2,,false,false,""
2026-01-03,flat,80,2,,false,false,""
2026-01-02,flat,20,12,,true,false,""
2026-01-02,flat,60,5,,true,false,""
2026-01-02,flat,80,3,,false,false,""
2026-01-02,flat,80,3,,false,false,""
2026-01-02,flat,80,3,,false,false,""
2026-01-01,flat,20,12,,true,false,""
2026-01-01,flat,40,8,,true,false,""
2026-01-01,flat,60,5,,true,false,""
2026-01-01,flat,71,5,,false,false,""
2026-01-01,flat,71,5,,false,false,""
2026-01-01,flat,71,5,,false,false,""
2026-01-01,flat,71,5,,false,false,""
2026-01-01,flat,71,5,,false,false,""
2026-01-01,smith_incline,20,12,,true,false,""
2026-01-01,smith_incline,57.5,8,,false,false,""
2026-01-01,smith_incline,57.5,6,,false,false,""
2026-01-01,smith_incline,57.5,7,,false,false,""
2025-12-30,flat,20,20,,true,false,""
2025-12-30,flat,60,5,,true,false,""
2025-12-30,flat,75,2,,true,false,""
2025-12-30,flat,85,2,,false,false,""
2025-12-30,flat,85,2,,false,false,""
2025-12-30,flat,85,2,,false,false,""
2025-12-30,smith_incline,20,10,,true,false,""
2025-12-30,smith_incline,55,10,,false,false,""
2025-12-30,smith_incline,55,10,,false,false,""
2025-12-30,smith_incline,55,10,,false,false,""
2025-12-29,flat,20,12,,true,false,""
2025-12-29,flat,40,8,,true,false,""
2025-12-29,flat,60,5,,true,false,""
2025-12-29,flat,70,3,,true,false,""
2025-12-29,flat,80,3,,false,false,""
2025-12-29,flat,80,2,,false,false,""
2025-12-29,flat,80,2,,false,false,""
2025-12-28,flat,20,12,,true,false,""
2025-12-28,flat,40,8,,true,false,""
2025-12-28,flat,60,5,,true,false,""
2025-12-28,flat,70,3,,true,false,""
2025-12-28,flat,87.5,1,,false,false,""
2025-12-28,flat,90,1,,false,false,""
2025-12-28,flat,95,1,,false,false,""
2025-12-27,flat,20,12,,true,false,""
2025-12-27,flat,40,8,,true,false,""
2025-12-27,flat,60,5,,true,false,""
2025-12-27,flat,70,3,,true,false,""
2025-12-27,flat,81,4,,false,false,""
2025-12-27,flat,81,4,,false,false,""
2025-12-27,flat,81,4,,false,false,""
2025-12-27,flat,81,4,,false,false,""
2025-12-27,smith_incline,40,15,,true,false,""
2025-12-27,smith_incline,55,9,0.5,false,false,""
2025-12-27,smith_incline,55,8,0.5,false,false,""
2025-12-27,smith_incline,55,8,0,false,false,""
2025-12-26,flat,20,12,,true,false,""
2025-12-26,flat,60,5,,true,false,""
2025-12-26,flat,70,3,,true,false,""
2025-12-26,flat,70,3,,true,false,""
2025-12-26,flat,80,3,,false,false,""
2025-12-26,flat,80,3,,false,false,""
2025-12-26,flat,80,3,,false,false,""
2025-12-25,flat,20,12,,true,false,""
2025-12-25,flat,60,5,,true,false,""
2025-12-25,flat,80,3,,false,false,""
2025-12-25,flat,80,3,,false,false,""
2025-12-25,flat,80,3,,false,false,""
2025-12-24,flat,20,20,,true,false,""
2025-12-24,flat,60,5,,true,false,""
2025-12-24,flat,70,3,,true,false,""
2025-12-24,flat,80,2,,false,false,""
2025-12-24,flat,80,2,,false,false,""
2025-12-24,flat,80,5,,false,false,""
2025-12-24,flat,80,4,,false,false,""
2025-12-24,smith_incline,40,6,,true,false,""
2025-12-24,smith_incline,55,9,0.5,false,false,""
2025-12-24,smith_incline,55,7,0.5,false,false,""
2025-12-24,smith_incline,55,6,0,false,false,""
2025-12-21,flat,30,8,,true,false,""
2025-12-21,flat,60,5,,true,false,""
2025-12-21,flat,70,3,,true,false,""
2025-12-21,flat,87,1,,false,false,"Vloog omhoog, makelijk gewicht erbij."
2025-12-21,flat,87,1,,false,false,""
2025-12-21,flat,87,1,,false,false,"Volgende keer 87.5kg."
2025-12-21,smith_incline,20,8,,true,false,""
2025-12-21,smith_incline,52.5,10,,false,false,""
2025-12-21,smith_incline,52.5,9,,false,false,""
2025-12-21,smith_incline,52.5,9,0.5,false,false,""
2025-12-19,smith_incline,40,6,,true,false,""
2025-12-19,smith_incline,50,8,1.5,false,false,""
2025-12-19,smith_incline,50,9,1,false,false,""
2025-12-19,smith_incline,50,10,0,false,false,""
2025-12-19,smith_incline,50,10,0,false,false,""
2025-12-19,flat,20,12,,true,false,""
2025-12-19,flat,40,5,,true,false,""
2025-12-19,flat,60,5,,true,false,""
2025-12-19,flat,70,3,,true,false,""
2025-12-19,flat,80,3,,false,false,""
2025-12-19,flat,80,3,,false,false,""
2025-12-19,flat,80,2,,false,false,""
2025-12-16,smith_incline,20,10,,true,false,""
2025-12-16,smith_incline,45,10,3,false,false,""
2025-12-16,smith_incline,45,10,3,false,false,""
2025-12-16,smith_incline,45,10,3,false,false,""
2025-12-14,smith_incline,40,10,,true,false,""
2025-12-14,smith_incline,60,10,4,false,false,"6-10 Reps & 1-2 RIR"
2025-12-14,smith_incline,60,10,2,false,false,"6-10 Reps & 1-2 RIR"
2025-12-12,flat,20,12,,true,false,""
2025-12-12,flat,60,5,,true,false,""
2025-12-12,flat,70,6,,false,false,""
2025-12-12,flat,70,7,,false,false,""
2025-12-12,flat,70,7,,false,false,""
2025-12-10,incline,40,10,,false,false,""
2025-12-10,incline,40,8,,false,false,""
2025-12-10,incline,40,8,,false,false,""
2025-12-10,incline,40,8,,false,false,""
2025-12-03,flat,20,12,,true,false,""
2025-12-03,flat,60,5,,true,false,""
2025-12-03,flat,75,6,,false,false,""
2025-12-03,flat,75,6,,false,false,""
2025-12-03,flat,75,6,,false,false,""
2025-11-29,flat,80,5,,false,false,""
2025-11-29,flat,80,5,,false,false,""
2025-11-29,flat,80,5,,false,false,""
2025-11-27,flat,20,20,,true,false,""
2025-11-27,flat,20,12,,true,false,""
2025-11-27,flat,40,5,,true,false,""
2025-11-27,flat,60,3,,true,false,""
2025-11-27,flat,70,1,,true,false,""
2025-11-27,flat,80,1,,true,false,""
2025-11-27,flat,90,1,,true,false,""
2025-11-27,flat,95,1,,true,false,"Op dit moment was het RPE 10, heel langzaam en net aan."
2025-11-27,flat,80,2,,false,false,""
2025-11-27,flat,70,3,,false,false,""
2025-11-27,flat,70,3,,false,false,""
2025-11-27,flat,70,3,,false,false,""
2025-11-23,flat,20,8,,true,false,""
2025-11-23,flat,40,5,,true,false,""
2025-11-23,flat,60,3,,true,false,""
2025-11-23,flat,70,1,,true,false,""
2025-11-23,flat,80,1,,true,false,""
2025-11-23,flat,75,3,,false,false,""
2025-11-23,flat,75,3,,false,false,""
2025-11-23,flat,75,3,,false,false,""
2025-11-23,flat,75,3,,false,false,""
2025-11-22,flat,20,8,,true,false,""
2025-11-22,flat,40,5,,true,false,""
2025-11-22,flat,60,3,,true,false,""
2025-11-22,flat,70,1,,true,false,""
2025-11-22,flat,80,1,,true,false,""
2025-11-22,flat,90,1,,true,false,""
2025-11-22,flat,71,4,,false,false,""
2025-11-22,flat,71,4,,false,false,""
2025-11-22,flat,71,4,,false,false,""
2025-11-22,flat,71,4,,false,false,""
2025-11-22,incline,60,8,,false,false,""
2025-11-22,incline,60,8,,false,false,""
2025-11-22,incline,60,5,,false,false,""
2025-11-19,flat,20,8,,true,false,""
2025-11-19,flat,40,5,,true,false,""
2025-11-19,flat,60,3,,true,false,""
2025-11-19,flat,70,4,,false,false,""
2025-11-19,flat,72.5,4,,false,false,""
2025-11-19,flat,72.5,4,,false,false,""
2025-11-19,flat,72.5,4,,false,false,""
2025-11-16,incline,40,12,,false,false,""
2025-11-16,incline,40,11,,false,false,""
2025-11-16,incline,40,10,,false,false,""
2025-11-12,pin,20,8,,true,false,""
2025-11-12,pin,40,5,,true,false,""
2025-11-12,pin,60,3,,true,false,""
2025-11-12,pin,80,2,,true,false,""
2025-11-12,pin,90,1,,true,false,""
2025-11-12,pin,76,3,,false,false,""
2025-11-12,pin,76,3,,false,false,""
2025-11-12,pin,76,3,,false,false,""
2025-11-12,pin,76,3,,false,false,""
2025-11-09,flat,82,4,,false,false,""
2025-11-09,flat,82,4,,false,false,""
2025-11-09,flat,80,3,,false,false,"Laatste setje geskipt"
2025-10-28,pin,77.5,3,,false,false,""
2025-10-28,pin,77.5,3,,false,false,""
2025-10-28,pin,77.5,3,,false,false,""
2025-10-28,pin,77.5,3,,false,false,""
2025-10-21,flat,20,12,,true,false,""
2025-10-21,flat,40,8,,true,false,""
2025-10-21,flat,60,5,,true,false,""
2025-10-21,flat,65,6,,false,false,""
2025-10-21,flat,65,6,,false,false,""
2025-10-21,flat,65,6,,false,false,""
2025-10-20,flat,20,12,,true,false,""
2025-10-20,flat,40,8,,true,false,""
2025-10-20,flat,60,5,,true,false,""
2025-10-20,flat,70,3,,true,false,""
2025-10-20,flat,80,1,,true,false,""
2025-10-20,flat,83,1,,true,false,""
2025-10-20,flat,75,3,,false,false,""
2025-10-20,flat,75,3,,false,false,""
2025-10-20,flat,75,3,,false,false,""
2025-10-20,flat,75,3,,false,false,""
2025-10-18,flat,20,12,,true,false,""
2025-10-18,flat,40,8,,true,false,""
2025-10-18,flat,60,5,,true,false,""
2025-10-18,flat,74,4,,false,false,""
2025-10-18,flat,74,4,,false,false,""
2025-10-18,flat,74,4,,false,false,""
2025-10-18,flat,74,4,,false,false,""
2025-10-18,flat,74,4,,false,false,""
2025-10-16,flat,20,12,,true,false,""
2025-10-16,flat,40,8,,true,false,""
2025-10-16,flat,60,5,,true,false,""
2025-10-16,flat,70,3,,true,false,""
2025-10-16,flat,80,1,,true,false,""
2025-10-16,flat,91,1,,true,false,""
2025-10-16,flat,80,4,,false,false,""
2025-10-16,flat,80,4,,false,false,""
2025-10-16,flat,80,4,,false,false,""
2025-10-16,flat,80,4,,false,false,""
2025-10-13,flat,20,10,,true,false,""
2025-10-13,flat,40,5,,true,false,""
2025-10-13,flat,60,1,,true,false,""
2025-10-13,flat,70,1,,true,false,""
2025-10-13,flat,85.5,1,,true,false,""
2025-10-13,flat,77,3,,false,false,""
2025-10-13,flat,77,3,,false,false,""
2025-10-13,flat,77,3,,false,false,""
2025-10-13,flat,77,3,,false,false,""
2025-10-12,flat,20,10,,true,false,""
2025-10-12,flat,40,5,,true,false,""
2025-10-12,flat,60,1,,true,false,""
2025-10-12,flat,70,1,,true,false,""
2025-10-12,flat,80,1,,true,false,""
2025-10-12,flat,90,1,,true,false,""
2025-10-12,flat,80,3,,false,false,""
2025-10-12,flat,80,3,,false,false,""
2025-10-12,flat,80,3,,false,false,""
2025-10-12,flat,80,3,,false,false,""
2025-10-11,flat,20,10,,true,false,""
2025-10-11,flat,40,5,,true,false,""
2025-10-11,flat,60,1,,true,false,""
2025-10-11,flat,70,1,,true,false,""
2025-10-11,flat,80,1,,true,false,""
2025-10-11,flat,90,1,,true,false,""
2025-10-11,flat,80,3,,false,false,""
2025-10-11,flat,80,3,,false,false,""
2025-10-11,flat,80,3,,false,false,""
2025-10-11,flat,80,3,,false,false,""
2025-10-09,flat,20,10,,true,false,""
2025-10-09,flat,40,3,,true,false,""
2025-10-09,flat,60,3,,true,false,""
2025-10-09,flat,69,5,,false,false,""
2025-10-09,flat,69,5,,false,false,""
2025-10-09,flat,69,5,,false,false,""
2025-10-09,flat,69,5,,false,false,""
2025-10-09,flat,69,5,,false,false,""
2025-10-08,flat,20,10,,true,false,""
2025-10-08,flat,30,8,,true,false,""
2025-10-08,flat,40,3,,true,false,""
2025-10-08,flat,60,3,,true,false,""
2025-10-08,flat,70,1,,true,false,""
2025-10-08,flat,80,1,,true,false,""
2025-10-08,flat,90,1,,true,false,""
2025-10-08,flat,79,4,,false,false,""
2025-10-08,flat,79,4,,false,false,""
2025-10-08,flat,79,4,,false,false,""
2025-10-08,flat,79,4,,false,false,""
2025-10-05,flat,20,10,,true,false,""
2025-10-05,flat,40,8,,true,false,""
2025-10-05,flat,60,3,,true,false,""
2025-10-05,flat,68.5,6,,false,false,""
2025-10-05,flat,68.5,6,,false,false,""
2025-10-05,flat,68.5,6,,false,false,""
2025-10-04,flat,20,10,,true,false,""
2025-10-04,flat,40,8,,true,false,""
2025-10-04,flat,60,3,,true,false,""
2025-10-04,flat,70,1,,true,false,""
2025-10-04,flat,84.5,1,,true,false,""
2025-10-04,flat,76,3,,false,false,""
2025-10-04,flat,76,3,,false,false,""
2025-10-04,flat,76,3,,false,false,""
2025-10-04,flat,76,3,,false,false,""
2025-10-01,flat,20,3,,true,false,""
2025-10-01,flat,40,3,,true,false,""
2025-10-01,flat,60,3,,true,false,""
2025-10-01,flat,69,5,,false,false,""
2025-10-01,flat,69,5,,false,false,""
2025-10-01,flat,69,5,,false,false,""
2025-10-01,flat,69,5,,false,false,""
2025-10-01,flat,69,5,,false,false,""
2025-09-30,flat,20,3,,true,false,""
2025-09-30,flat,40,3,,true,false,""
2025-09-30,flat,60,3,,true,false,""
2025-09-30,flat,80,1,,true,false,""
2025-09-30,flat,87.5,1,,true,false,""
2025-09-30,flat,78,4,,false,false,""
2025-09-30,flat,78,4,,false,false,""
2025-09-30,flat,78,4,,false,false,""
2025-09-30,flat,78,4,,false,false,""
2025-09-28,flat,20,3,,true,false,""
2025-09-28,flat,40,3,,true,false,""
2025-09-28,flat,60,3,,true,false,""
2025-09-28,flat,70,3,,true,false,""
2025-09-28,flat,77,3,,false,false,""
2025-09-28,flat,77,3,,false,false,""
2025-09-28,flat,77,3,,false,false,""
2025-09-28,flat,77,3,,false,false,""
2025-09-28,flat,77,3,,false,false,""
2025-09-26,flat,20,3,,true,false,""
2025-09-26,flat,40,3,,true,false,""
2025-09-26,flat,60,3,,true,false,""
2025-09-26,flat,67.5,6,,false,false,""
2025-09-26,flat,67.5,6,,false,false,""
2025-09-26,flat,67.5,6,,false,false,""
2025-09-25,flat,20,3,,true,false,""
2025-09-25,flat,40,3,,true,false,""
2025-09-25,flat,60,3,,true,false,""
2025-09-25,flat,83.5,1,,true,false,""
2025-09-25,flat,75,3,,false,false,""
2025-09-25,flat,75,3,,false,false,""
2025-09-25,flat,75,3,,false,false,""
2025-09-25,flat,75,3,,false,false,""
2025-09-22,flat,20,3,,true,false,""
2025-09-22,flat,40,3,,true,false,""
2025-09-22,flat,60,3,,true,false,""
2025-09-22,flat,70,3,,true,false,""
2025-09-22,flat,70,6,,false,false,""
2025-09-22,flat,70,6,,false,false,""
2025-09-22,flat,70,6,,false,false,""
2025-09-22,flat,70,6,,false,false,""
2025-09-22,flat,67.5,5,,false,false,""
2025-09-22,flat,67.5,5,,false,false,""
2025-09-21,flat,20,3,,true,false,""
2025-09-21,flat,40,3,,true,false,""
2025-09-21,flat,60,3,,true,false,""
2025-09-21,flat,70,3,,true,false,""
2025-09-21,flat,86.5,1,,false,false,""
2025-09-21,flat,77,4,,false,false,""
2025-09-21,flat,77,4,,false,false,""
2025-09-21,flat,77,4,,false,false,""
2025-09-21,flat,77,4,,false,false,""
2025-09-19,flat,20,3,,true,false,""
2025-09-19,flat,40,3,,true,false,""
2025-09-19,flat,60,3,,true,false,""
2025-09-19,flat,76,3,,false,false,""
2025-09-19,flat,76,3,,false,false,""
2025-09-19,flat,76,3,,false,false,""
2025-09-19,flat,76,3,,false,false,""
2025-09-18,flat,20,6,,true,false,""
2025-09-18,flat,30,6,,true,false,""
2025-09-18,flat,40,6,,true,false,""
2025-09-18,flat,50,6,,true,false,""
2025-09-18,flat,66.5,6,,false,false,""
2025-09-18,flat,66.5,6,,false,false,""
2025-09-18,flat,66.5,6,,false,false,""
2025-09-17,flat,20,10,,true,false,""
2025-09-17,flat,40,5,,true,false,""
2025-09-17,flat,60,3,,true,false,""
2025-09-17,flat,74,3,,false,false,""
2025-09-17,flat,74,3,,false,false,""
2025-09-17,flat,74,3,,false,false,""
2025-09-17,flat,74,3,,false,false,""
2025-09-15,flat,20,10,,true,false,""
2025-09-15,flat,40,5,,true,false,""
2025-09-15,flat,60,3,,true,false,""
2025-09-15,flat,70,6,,false,false,""
2025-09-15,flat,70,6,,false,false,""
2025-09-15,flat,70,6,,false,false,""
2025-09-15,flat,70,6,,false,false,""
2025-09-15,flat,67.5,5,,false,false,""
2025-09-15,flat,67.5,5,,false,false,""
2025-09-14,flat,20,10,,true,false,""
2025-09-14,flat,40,5,,true,false,""
2025-09-14,flat,60,3,,true,false,""
2025-09-14,flat,75,1,,true,false,""
2025-09-14,flat,85,1,,false,false,""
2025-09-14,flat,75,4,,false,false,""
2025-09-14,flat,75,4,,false,false,""
2025-09-14,flat,75,4,,false,false,""
2025-09-14,flat,75,4,,false,false,""
2025-09-08,flat,20,10,,true,false,""
2025-09-08,flat,40,5,,true,false,""
2025-09-08,flat,55,3,,true,false,""
2025-09-08,flat,65,1,,true,false,""
2025-09-08,flat,75,1,,true,false,""
2025-09-08,flat,90,1,,true,false,""
2025-09-08,flat,72.5,5,,false,false,""
2025-09-08,flat,72.5,5,,false,false,""
2025-09-08,flat,72.5,5,,false,false,""
2025-09-08,flat,72.5,5,,false,false,""
2025-08-29,flat,20,10,,true,false,""
2025-08-29,flat,40,5,,true,false,""
2025-08-29,flat,55,3,,true,false,""
2025-08-29,flat,65,1,,true,false,""
2025-08-29,flat,75,1,,true,false,""
2025-08-29,flat,85,1,,true,false,""
2025-08-29,flat,92.5,1,,true,false,""
2025-08-29,flat,100,1,,false,false,""
2025-08-25,flat,20,10,,true,false,""
2025-08-25,flat,40,5,,true,false,""
2025-08-25,flat,55,3,,true,false,""
2025-08-25,flat,65,1,,true,false,""
2025-08-25,flat,75,1,,true,false,""
2025-08-25,flat,82.5,1,,true,false,""
2025-08-25,flat,82.5,1,,true,false,""
2025-08-25,flat,82.5,1,,true,false,""
2025-08-25,flat,65,3,,false,false,""
2025-08-25,flat,65,3,,false,false,""
2025-08-22,flat,20,10,,true,false,""
2025-08-22,flat,40,5,,true,false,""
2025-08-22,flat,55,3,,true,false,""
2025-08-22,flat,65,1,,true,false,""
2025-08-22,flat,77.5,1,,true,false,""
2025-08-22,flat,87.5,1,,true,false,""
2025-08-22,flat,87.5,1,,true,false,""
2025-08-22,flat,80,2,,false,false,""
2025-08-22,flat,80,2,,false,false,""
2025-08-20,flat,20,10,,true,false,""
2025-08-20,flat,40,5,,true,false,""
2025-08-20,flat,55,3,,true,false,""
2025-08-20,flat,65,1,,true,false,""
2025-08-20,flat,77.5,1,,true,false,""
2025-08-20,flat,85,1,,true,false,""
2025-08-20,flat,85,1,,true,false,""
2025-08-20,flat,77.5,2,,false,false,""
2025-08-20,flat,77.5,2,,false,false,""
2025-08-20,flat,77.5,3,,false,false,""
2025-08-18,flat,20,10,,true,false,""
2025-08-18,flat,40,5,,true,false,""
2025-08-18,flat,55,3,,true,false,""
2025-08-18,flat,65,1,,true,false,""
2025-08-18,flat,77.5,1,,true,false,""
2025-08-18,flat,82.5,1,,true,false,""
2025-08-18,flat,82.5,1,,true,false,""
2025-08-18,flat,75,3,,false,false,""
2025-08-18,flat,75,3,,false,false,""
2025-08-18,flat,75,3,,false,false,""
2025-08-16,flat,20,10,,true,false,""
2025-08-16,flat,40,5,,true,false,""
2025-08-16,flat,55,3,,true,false,""
2025-08-16,flat,65,1,,true,false,""
2025-08-16,flat,77.5,1,,true,false,""
2025-08-16,flat,92.5,1,,true,false,""
2025-08-16,flat,85,3,,false,false,""
2025-08-16,flat,85,3,,false,false,""
2025-08-16,flat,85,3,,false,false,""
2025-08-16,flat,85,3,,false,false,""
2025-08-16,flat,85,3,,false,false,""
2025-08-16,flat,85,3,,false,false,""
2025-08-16,flat,85,3,,false,false,""
2025-08-16,flat,85,3,,false,false,""
2025-08-14,flat,20,10,,true,false,""
2025-08-14,flat,40,5,,true,false,""
2025-08-14,flat,55,3,,true,false,""
2025-08-14,flat,65,1,,true,false,""
2025-08-14,flat,77.5,1,,true,false,""
2025-08-14,flat,90,1,,true,false,""
2025-08-14,flat,80,4,,false,false,""
2025-08-14,flat,80,4,,false,false,""
2025-08-14,flat,80,4,,false,false,""
2025-08-14,flat,80,4,,false,false,""
2025-08-14,flat,80,4,,false,false,""
2025-08-14,flat,80,4,,false,false,""
2025-08-14,flat,80,4,,false,false,""
2025-08-12,flat,20,10,,true,false,""
2025-08-12,flat,40,5,,true,false,""
2025-08-12,flat,55,3,,true,false,""
2025-08-12,flat,65,1,,true,false,""
2025-08-12,flat,77.5,1,,true,false,""
2025-08-12,flat,90,1,,true,false,"Ging nog makkelijker, soort van nieuwe 80kg snelheid."
2025-08-12,flat,75,5,,false,false,""
2025-08-12,flat,75,5,,false,false,""
2025-08-12,flat,75,5,,false,false,""
2025-08-12,flat,75,5,,false,false,""
2025-08-12,flat,75,5,,false,false,""
2025-08-12,flat,75,5,,false,false,""
2025-08-11,flat,20,12,,true,false,""
2025-08-11,flat,40,8,,true,false,""
2025-08-11,flat,60,5,,true,false,""
2025-08-11,flat,70,3,,true,false,""
2025-08-11,flat,80,1,,true,false,""
2025-08-11,flat,90,1,,true,false,"Vloog niet, maar duidelijk makkelijker dan vorige keer 90. Sticking point was veel minder en ging zelfde snelheid gedurende hele rep. 97.5kg zou zijn gelukt."
2025-08-11,flat,72.5,6,,false,false,""
2025-08-11,flat,72.5,6,,false,false,""
2025-08-11,flat,72.5,6,,false,false,""
2025-08-11,flat,72.5,6,,false,false,""
2025-08-11,flat,72.5,6,,false,false,""
2025-08-09,flat,20,8,,true,false,""
2025-08-09,flat,40,5,,true,false,""
2025-08-09,flat,60,3,,true,false,""
2025-08-09,flat,77.5,1,,true,false,""
2025-08-09,flat,90,1,,true,false,""
2025-08-09,flat,82.5,3,,false,false,""
2025-08-09,flat,82.5,3,,false,false,""
2025-08-09,flat,80,3,,false,false,""
2025-08-09,flat,80,3,,false,false,""
2025-08-09,flat,80,3,,false,false,""
2025-08-09,flat,80,3,,false,false,""
2025-08-09,flat,80,3,,false,false,""
2025-08-09,flat,80,3,,false,false,""
2025-08-07,flat,20,8,,true,false,""
2025-08-07,flat,40,5,,true,false,""
2025-08-07,flat,65,3,,true,false,""
2025-08-07,flat,77.5,1,,true,false,""
2025-08-07,flat,87.5,1,,true,false,""
2025-08-07,flat,77.5,4,,false,false,""
2025-08-07,flat,77.5,4,,false,false,""
2025-08-07,flat,77.5,4,,false,false,""
2025-08-07,flat,77.5,4,,false,false,""
2025-08-07,flat,77.5,4,,false,false,""
2025-08-07,flat,77.5,4,,false,false,""
2025-08-07,flat,77.5,4,,false,false,""
2025-08-05,flat,20,10,,true,false,""
2025-08-05,flat,40,5,,true,false,""
2025-08-05,flat,65,3,,true,false,""
2025-08-05,flat,77.5,1,,true,false,""
2025-08-05,flat,87.5,1,,true,false,""
2025-08-05,flat,72.5,5,,false,false,""
2025-08-05,flat,72.5,5,,false,false,""
2025-08-05,flat,72.5,5,,false,false,""
2025-08-05,flat,72.5,5,,false,false,""
2025-08-05,flat,72.5,5,,false,false,""
2025-08-05,flat,72.5,5,,false,false,""
2025-08-04,flat,20,8,,true,false,""
2025-08-04,flat,40,5,,true,false,""
2025-08-04,flat,65,3,,true,false,""
2025-08-04,flat,77.5,1,,true,false,""
2025-08-04,flat,87.5,1,,true,false,""
2025-08-04,flat,70,6,,false,false,""
2025-08-04,flat,70,6,,false,false,""
2025-08-04,flat,70,6,,false,false,""
2025-08-04,flat,70,6,,false,false,""
2025-08-04,flat,70,6,,false,false,""
2025-08-02,flat,20,10,,true,false,""
2025-08-02,flat,40,8,,true,false,""
2025-08-02,flat,60,5,,true,false,""
2025-08-02,flat,70,3,,true,false,""
2025-08-02,flat,80,1,,true,false,""
2025-08-02,flat,87.5,1,,false,false,""
2025-08-02,flat,80,3,,false,false,""
2025-08-02,flat,80,3,,false,false,""
2025-08-02,flat,80,3,,false,false,""
2025-08-02,flat,80,3,,false,false,""
2025-08-02,flat,80,3,,false,false,""
2025-08-02,flat,80,3,,false,false,""
2025-08-02,flat,80,3,,false,false,""
2025-08-02,flat,80,3,,false,false,""
2025-07-31,flat,20,10,,true,false,""
2025-07-31,flat,40,5,,true,false,""
2025-07-31,flat,55,3,,true,false,""
2025-07-31,flat,65,1,,true,false,""
2025-07-31,flat,85,1,,true,false,""
2025-07-31,flat,75,4,,false,false,""
2025-07-31,flat,75,4,,false,false,""
2025-07-31,flat,75,4,,false,false,""
2025-07-31,flat,75,4,,false,false,""
2025-07-31,flat,75,4,,false,false,""
2025-07-31,flat,75,4,,false,false,""
2025-07-31,flat,75,4,,false,false,""
2025-07-29,flat,20,10,,true,false,""
2025-07-29,flat,40,5,,true,false,""
2025-07-29,flat,55,3,,true,false,""
2025-07-29,flat,65,1,,true,false,""
2025-07-29,flat,85,1,,false,false,""
2025-07-29,flat,70,5,,false,false,""
2025-07-29,flat,70,5,,false,false,""
2025-07-29,flat,70,5,,false,false,""
2025-07-29,flat,70,5,,false,false,""
2025-07-29,flat,70,5,,false,false,""
2025-07-29,flat,70,5,,false,false,""
2025-07-28,flat,20,12,,true,false,""
2025-07-28,flat,40,8,,true,false,""
2025-07-28,flat,62.5,6,,false,false,""
2025-07-28,flat,62.5,6,,false,false,""
2025-07-28,flat,62.5,6,,false,false,""
2025-07-28,flat,62.5,6,,false,false,""
2025-07-28,flat,62.5,6,,false,false,""
2025-07-28,flat,62.5,6,,false,false,""
2025-07-27,flat,20,15,,true,false,""
2025-07-27,flat,40,8,,true,false,""
2025-07-27,flat,60,5,,true,false,""
2025-07-27,flat,70,3,,true,false,""
2025-07-27,flat,80,2,,true,false,""
2025-07-27,flat,87.5,1,,true,false,""
2025-07-27,flat,92.5,1,,false,false,""
2025-07-27,flat,95,1,,false,false,""
2025-07-26,flat,20,10,,true,false,""
2025-07-26,flat,35,6,,true,false,""
2025-07-26,flat,52.5,4,,true,false,""
2025-07-26,flat,60,2,,true,false,""
2025-07-26,flat,67.5,1,,false,false,""
2025-07-26,flat,67.5,1,,false,false,""
2025-07-26,flat,67.5,1,,false,false,""
2025-07-24,flat,20,10,,true,false,""
2025-07-24,flat,35,6,,true,false,""
2025-07-24,flat,50,4,,true,false,""
2025-07-24,flat,57.5,3,,true,false,""
2025-07-24,flat,75,2,,false,false,""
2025-07-24,flat,75,2,,false,false,""
2025-07-24,flat,75,2,,false,false,""
2025-07-24,flat,80,1,,false,false,""
2025-07-24,flat,85,1,,false,false,""
2025-07-22,flat,20,10,,true,false,""
2025-07-22,flat,35,6,,true,false,""
2025-07-22,flat,50,4,,true,false,""
2025-07-22,flat,70,3,,false,false,""
2025-07-22,flat,70,3,,false,false,""
2025-07-22,flat,70,3,,false,false,""
2025-07-22,flat,70,3,,false,false,""
2025-07-20,flat,20,20,,true,false,""
2025-07-20,flat,40,12,,true,false,""
2025-07-20,flat,60,3,,true,false,""
2025-07-20,flat,77.5,3,,false,false,""
2025-07-20,flat,77.5,3,,false,false,""
2025-07-20,flat,77.5,3,,false,false,""
2025-07-20,flat,77.5,3,,false,false,""
2025-07-20,flat,77.5,3,,false,false,""
2025-07-20,flat,77.5,3,,false,false,""
2025-07-20,flat,77.5,3,,false,false,""
2025-07-20,flat,77.5,3,,false,false,""
2025-07-20,flat,77.5,3,,false,false,""
2025-07-20,flat,77.5,3,,false,false,""
2025-07-19,flat,20,12,,true,false,""
2025-07-19,flat,40,8,,true,false,""
2025-07-19,flat,60,4,,true,false,""
2025-07-19,flat,72.5,4,,false,false,""
2025-07-19,flat,72.5,4,,false,false,""
2025-07-19,flat,72.5,4,,false,false,""
2025-07-19,flat,72.5,4,,false,false,""
2025-07-19,flat,72.5,4,,false,false,""
2025-07-19,flat,72.5,4,,false,false,""
2025-07-19,flat,72.5,4,,false,false,""
2025-07-19,flat,72.5,4,,false,false,""
2025-07-17,flat,20,20,,true,false,""
2025-07-17,flat,40,12,,true,false,""
2025-07-17,flat,60,5,,true,false,""
2025-07-17,flat,70,5,,false,false,""
2025-07-17,flat,70,5,,false,false,""
2025-07-17,flat,70,5,,false,false,""
2025-07-17,flat,70,5,,false,false,""
2025-07-17,flat,70,5,,false,false,""
2025-07-17,flat,70,5,,false,false,""
2025-07-17,flat,70,5,,false,false,""
2025-07-15,flat,20,15,,true,false,""
2025-07-15,flat,30,12,,true,false,""
2025-07-15,flat,40,6,,true,false,""
2025-07-15,flat,65,6,,false,false,""
2025-07-15,flat,65,6,,false,false,""
2025-07-15,flat,65,6,,false,false,""
2025-07-15,flat,65,6,,false,false,""
2025-07-15,flat,65,6,,false,false,""
2025-07-15,flat,65,6,,false,false,""
2025-07-13,flat,20,12,,true,false,""
2025-07-13,flat,40,8,,true,false,""
2025-07-13,flat,60,3,,true,false,""
2025-07-13,flat,75,3,,false,false,""
2025-07-13,flat,75,3,,false,false,""
2025-07-13,flat,75,3,,false,false,""
2025-07-13,flat,75,3,,false,false,""
2025-07-13,flat,75,3,,false,false,""
2025-07-13,flat,75,3,,false,false,""
2025-07-13,flat,75,3,,false,false,""
2025-07-13,flat,75,3,,false,false,""
2025-07-13,flat,75,3,,false,false,""
2025-07-13,flat,75,3,,false,false,""
2025-07-12,flat,20,12,,true,false,""
2025-07-12,flat,40,8,,true,false,""
2025-07-12,flat,60,4,,true,false,""
2025-07-12,flat,70,4,,false,false,""
2025-07-12,flat,70,4,,false,false,""
2025-07-12,flat,70,4,,false,false,""
2025-07-12,flat,70,4,,false,false,""
2025-07-12,flat,70,4,,false,false,""
2025-07-12,flat,70,4,,false,false,""
2025-07-12,flat,70,4,,false,false,""
2025-07-12,flat,70,4,,false,false,""
2025-07-12,flat,70,4,,false,false,""
2025-07-09,flat,20,12,,true,false,""
2025-07-09,flat,30,8,,true,false,""
2025-07-09,flat,40,5,,true,false,""
2025-07-09,flat,67.5,5,,false,false,""
2025-07-09,flat,67.5,5,,false,false,""
2025-07-09,flat,67.5,5,,false,false,""
2025-07-09,flat,67.5,5,,false,false,""
2025-07-09,flat,67.5,5,,false,false,""
2025-07-09,flat,67.5,5,,false,false,""
2025-07-09,flat,67.5,4,,false,false,"Voelde raar en m’n rug deed pijn."
2025-07-07,flat,20,12,,true,false,""
2025-07-07,flat,30,8,,true,false,""
2025-07-07,flat,40,6,,true,false,""
2025-07-07,flat,62.5,6,,false,false,""
2025-07-07,flat,62.5,6,,false,false,""
2025-07-07,flat,62.5,6,,false,false,""
2025-07-07,flat,62.5,6,,false,false,""
2025-07-07,flat,62.5,6,,false,false,""
2025-07-07,flat,62.5,6,,false,false,""
2025-07-05,flat,20,12,,true,false,""
2025-07-05,flat,30,8,,true,false,""
2025-07-05,flat,40,3,,true,false,""
2025-07-05,flat,72.5,3,,false,false,""
2025-07-05,flat,72.5,3,,false,false,""
2025-07-05,flat,72.5,3,,false,false,""
2025-07-05,flat,72.5,3,,false,false,""
2025-07-05,flat,72.5,3,,false,false,""
2025-07-05,flat,72.5,3,,false,false,""
2025-07-05,flat,72.5,3,,false,false,""
2025-07-05,flat,72.5,3,,false,false,""
2025-07-05,flat,72.5,3,,false,false,"5 min rest + wrist wraps because of previous set RPE 9"
2025-07-05,flat,72.5,3,,false,false,"5 min rest, wrist wraps & speed reps instead of comp reps."
2025-07-04,flat,20,12,,true,false,""
2025-07-04,flat,30,8,,true,false,""
2025-07-04,flat,40,4,,true,false,""
2025-07-04,flat,67.5,4,,false,false,""
2025-07-04,flat,67.5,4,,false,false,""
2025-07-04,flat,67.5,4,,false,false,""
2025-07-04,flat,67.5,4,,false,false,""
2025-07-04,flat,67.5,4,,false,false,""
2025-07-04,flat,67.5,4,,false,false,""
2025-07-04,flat,67.5,4,,false,false,""
2025-07-04,flat,67.5,4,,false,false,""
2025-07-02,flat,20,12,,true,false,""
2025-07-02,flat,30,8,,true,false,""
2025-07-02,flat,40,5,,true,false,""
2025-07-02,flat,65,5,,false,false,"Comp reps, 3 min."
2025-07-02,flat,65,5,,false,false,"Comp reps, 3 min."
2025-07-02,flat,65,5,,false,false,"Comp reps, 3 min."
2025-07-02,flat,65,5,,false,false,"Comp reps, 5 min rests."
2025-07-02,flat,65,5,,false,false,"Comp reps, 5 min rests."
2025-07-02,flat,65,5,,false,false,"Comp reps, 5 min rests."
2025-07-02,flat,65,5,,false,false,"Comp reps, 5 min rests."
2025-06-30,flat,20,12,,true,false,""
2025-06-30,flat,30,6,,true,false,""
2025-06-30,flat,40,6,,true,false,""
2025-06-30,flat,60,6,,false,false,""
2025-06-30,flat,60,6,,false,false,""
2025-06-30,flat,60,6,,false,false,""
2025-06-30,flat,60,6,,false,false,""
2025-06-30,flat,60,6,,false,false,""
2025-06-30,flat,60,6,,false,false,""
2025-06-23,flat,20,15,,true,false,""
2025-06-23,flat,40,12,,true,false,""
2025-06-23,flat,60,6,,true,false,""
2025-06-23,flat,70,3,,true,false,""
2025-06-23,flat,75,4,,false,false,""
2025-06-23,flat,75,5,,false,false,""
2025-06-23,flat,75,3,,false,false,""
2025-06-23,flat,75,4,,false,false,""
2025-06-23,flat,60,15,,false,true,""
2025-06-20,flat,20,10,,true,false,""
2025-06-20,flat,40,8,,true,false,""
2025-06-20,flat,60,3,,true,false,""
2025-06-20,flat,80,2,,false,false,""
2025-06-20,flat,80,2,,false,false,""
2025-06-20,flat,80,2,,false,false,""
2025-06-20,flat,80,2,,false,false,""
2025-06-20,flat,60,3,,false,false,""
2025-06-20,flat,60,3,,false,false,""
2025-06-20,flat,60,3,,false,false,""
2025-06-18,flat,20,8,,true,false,""
2025-06-18,flat,40,5,,true,false,""
2025-06-18,flat,50,3,,true,false,""
2025-06-18,flat,55,2,,false,false,""
2025-06-18,flat,55,2,,false,false,""
2025-06-18,flat,55,2,,false,false,""
2025-06-18,flat,55,2,,false,false,""
2025-06-18,flat,55,2,,false,false,""
2025-06-18,flat,55,2,,false,false,""
2025-06-18,flat,55,2,,false,false,""
2025-06-18,flat,55,2,,false,false,""
2025-06-18,flat,60,4,,false,false,"Paused"
2025-06-18,flat,60,4,,false,false,"Paused"
2025-06-18,flat,60,4,,false,false,"Paused"
2025-06-18,flat,60,4,,false,false,"Paused"
2025-06-18,incline,40,10,,false,false,""
2025-06-18,incline,40,10,,false,false,""
2025-06-18,incline,40,10,,false,false,""
2025-06-15,flat,20,5,,true,false,""
2025-06-15,flat,40,5,,true,false,""
2025-06-15,flat,60,5,,false,false,""
2025-06-15,flat,70,4,,false,false,""
2025-06-15,flat,75,4,,false,false,""
2025-06-15,flat,80,4,,false,false,""
2025-06-15,flat,65,10,,false,false,""
2025-06-12,flat,20,5,,true,false,""
2025-06-12,flat,40,5,,true,false,""
2025-06-12,flat,60,5,,true,false,""
2025-06-12,flat,72.5,5,,false,false,""
2025-06-12,flat,72.5,5,,false,false,""
2025-06-12,flat,72.5,5,,false,false,""
2025-06-12,flat,72.5,5,,false,false,""
2025-06-12,flat,72.5,5,,false,false,""
2025-06-09,flat,20,5,,true,false,""
2025-06-09,flat,40,5,,true,false,""
2025-06-09,flat,60,5,,true,false,""
2025-06-09,flat,70,5,,false,false,"5 reps"
2025-06-09,flat,75,3,,false,false,"3 reps"
2025-06-09,flat,80,2,,false,false,"1-2 reps"
2025-06-09,flat,87.5,1,,false,false,"1-2 rep Single/Double Top Set"
2025-06-09,flat,70,3,,false,false,"3-5 reps Back-off/volume Set"
2025-06-04,flat,20,5,,true,false,""
2025-06-04,flat,40,5,,true,false,""
2025-06-04,flat,60,5,,true,false,""
2025-06-04,flat,72.5,4,,false,false,""
2025-06-04,flat,72.5,3,,false,false,""
2025-06-04,flat,72.5,3,,false,false,""
2025-06-04,flat,72.5,3,,false,false,""
2025-06-04,flat,72.5,3,,false,false,""
2025-06-04,flat,60,15,,false,false,""
2025-06-01,flat,20,5,,true,false,""
2025-06-01,flat,25,5,,true,false,""
2025-06-01,flat,42.5,5,,true,false,""
2025-06-01,flat,70,5,,false,false,"5 reps"
2025-06-01,flat,75,3,,false,false,"3 reps"
2025-06-01,flat,80,3,,false,false,"1-2 reps"
2025-06-01,flat,70,3,,false,false,"1-2 rep Single/Double Top Set"
2025-06-01,flat,60,5,,false,false,"3-5 reps Back-off/volume Set"
2025-05-29,flat,20,5,,true,false,""
2025-05-29,flat,40,5,,true,false,""
2025-05-29,flat,60,5,,true,false,""
2025-05-29,flat,70,5,,false,false,""
2025-05-29,flat,70,5,,false,false,""
2025-05-29,flat,70,5,,false,false,""
2025-05-29,flat,70,5,,false,false,""
2025-05-29,flat,70,5,,false,false,""
2025-05-27,flat,20,1,,true,false,""
2025-05-27,flat,60,1,,true,false,""
2025-05-27,flat,70,1,,true,false,""
2025-05-27,flat,80,1,,true,false,""
2025-05-27,flat,85,1,,false,false,""
2025-05-25,flat,20,5,,true,false,""
2025-05-25,flat,25,5,,true,false,""
2025-05-25,flat,42.5,5,,true,false,""
2025-05-25,flat,65,5,,false,false,"5 reps"
2025-05-25,flat,70,3,,false,false,"3 reps"
2025-05-25,flat,77.5,2,,false,false,"1-2 reps"
2025-05-25,flat,80,2,,false,false,"1-2 rep Single/Double Top Set"
2025-05-25,flat,70,3,,false,false,"3-5 reps Back-off/volume Set & 80-85%"
2025-04-23,flat,20,20,,true,false,""
2025-04-23,flat,40,8,,true,false,""
2025-04-23,flat,60,2,,true,false,""
2025-04-23,flat,75,4,,false,false,""
2025-04-23,flat,75,3,,false,false,""
2025-04-23,flat,75,3,,false,false,""
2025-04-23,flat,60,12,,false,true,""
2025-04-19,flat,50,6,,false,false,""
2025-04-19,flat,50,6,,false,false,""
2025-04-19,flat,50,6,,false,false,""
2025-04-17,flat,20,20,,true,false,""
2025-04-17,flat,40,8,,true,false,""
2025-04-17,flat,60,2,,true,false,""
2025-04-17,flat,70,7,,false,false,""
2025-04-17,flat,70,6,,false,false,""
2025-04-17,flat,60,10,,false,true,""
2025-04-13,flat,20,12,,true,false,""
2025-04-13,flat,40,8,,true,false,""
2025-04-13,flat,60,5,,true,false,""
2025-04-13,flat,77.5,2,,false,false,""
2025-04-13,flat,77.5,2,,false,false,""
2025-04-13,flat,77.5,2,,false,false,""
2025-04-09,flat,20,5,,true,false,""
2025-04-09,flat,30,5,,true,false,""
2025-04-09,flat,72.5,5,,false,false,""
2025-04-09,flat,72.5,5,,false,false,""
2025-04-09,flat,72.5,4,,false,false,""
2025-04-09,flat,60,9,,false,true,""
2025-04-04,flat,20,5,,true,false,""
2025-04-04,flat,30,5,,true,false,""
2025-04-04,flat,60,5,,true,false,""
2025-04-04,flat,70,5,,false,false,""
2025-04-04,flat,70,5,,false,false,""
2025-04-04,flat,70,5,,false,true,""
2025-04-04,flat,40,15,,false,true,""
2025-04-04,smith_incline,30,15,,false,false,""
2025-04-04,smith_incline,30,15,,false,false,""
2025-04-04,smith_incline,30,15,,false,false,""
2025-03-31,flat,20,5,,true,false,""
2025-03-31,flat,30,5,,true,false,""
2025-03-31,flat,40,5,,true,false,""
2025-03-31,flat,50,5,,true,false,""
2025-03-31,flat,67.5,5,,false,false,""
2025-03-31,flat,67.5,5,,false,false,""
2025-03-31,flat,67.5,5,,false,false,""
2025-03-31,flat,67.5,5,,false,false,""
2025-03-31,flat,67.5,5,,false,false,""
2025-03-27,flat,50,8,,false,false,""
2025-03-27,flat,50,8,,false,false,""
2025-03-27,flat,50,8,,false,false,""
2025-03-24,flat,20,5,,true,false,""
2025-03-24,flat,30,5,,true,false,""
2025-03-24,flat,40,5,,true,false,""
2025-03-24,flat,50,5,,true,false,""
2025-03-24,flat,73.3,3,,false,false,""
2025-03-24,flat,70,4,,false,false,""
2025-03-24,flat,70,4,,false,false,""
2025-03-24,flat,70,3,,false,false,""
2025-03-20,flat,20,5,,true,false,""
2025-03-20,flat,30,5,,true,false,""
2025-03-20,flat,40,5,,true,false,""
2025-03-20,flat,50,5,,true,false,""
2025-03-20,flat,63.3,6,,false,false,""
2025-03-20,flat,63.3,6,,false,false,""
2025-03-20,flat,63.3,6,,false,false,""
2025-03-20,flat,63.3,6,,false,false,""
2025-03-20,flat,63.3,6,,false,false,""
2025-03-17,flat,20,5,,true,false,""
2025-03-17,flat,30,5,,true,false,""
2025-03-17,flat,40,5,,true,false,""
2025-03-17,flat,50,5,,true,false,""
2025-03-17,flat,67.5,4,,false,false,""
2025-03-17,flat,67.5,4,,false,false,""
2025-03-17,flat,67.5,4,,false,false,""
2025-03-17,flat,67.5,4,,false,false,""
2025-03-17,flat,67.5,4,,false,false,""
2025-03-13,flat,20,5,,true,false,""
2025-03-13,flat,30,5,,true,false,""
2025-03-13,flat,40,5,,true,false,""
2025-03-13,flat,50,5,,true,false,""
2025-03-13,flat,68.3,3,,false,false,""
2025-03-13,flat,68.3,3,,false,false,""
2025-03-13,flat,68.3,3,,false,false,""
2025-03-13,flat,68.3,3,,false,false,""
2025-03-13,flat,68.3,3,,false,false,""
2025-03-11,flat,20,5,,true,false,""
2025-03-11,flat,30,5,,true,false,""
2025-03-11,flat,40,5,,true,false,""
2025-03-11,flat,50,5,,true,false,""
2025-03-11,flat,62.5,5,,false,false,"Met clips = 63,27kg"
2025-03-11,flat,62.5,5,,false,false,""
2025-03-11,flat,62.5,5,,false,false,""
2025-03-11,flat,62.5,5,,false,false,""
2025-03-11,flat,62.5,5,,false,false,""
2025-03-09,flat,20,5,,true,false,""
2025-03-09,flat,30,5,,true,false,""
2025-03-09,flat,40,5,,true,false,""
2025-03-09,flat,50,5,,true,false,""
2025-03-09,flat,70,5,,false,false,""
2025-03-09,flat,70,4,,false,false,""
2025-03-09,flat,65,5,,false,false,""
2025-03-07,flat,20,5,,true,false,""
2025-03-07,flat,30,5,,true,false,""
2025-03-07,flat,40,5,,true,false,""
2025-03-07,flat,50,5,,true,false,""
2025-03-07,flat,60,5,,false,false,""
2025-03-07,flat,60,5,,false,false,""
2025-03-07,flat,60,5,,false,false,""
2025-03-07,flat,60,5,,false,false,""
2025-03-07,flat,60,5,,false,false,""
2025-03-03,flat,20,5,,true,false,""
2025-03-03,flat,30,5,,true,false,""
2025-03-03,flat,40,5,,true,false,""
2025-03-03,flat,50,5,,true,false,""
2025-03-03,flat,62.5,5,,false,false,""
2025-03-03,flat,62.5,5,,false,false,""
2025-03-03,flat,62.5,5,,false,false,""
2025-03-03,flat,62.5,5,,false,false,""
2025-03-03,flat,62.5,5,,false,false,""
2025-03-01,flat,20,8,,true,false,""
2025-03-01,flat,30,8,,true,false,""
2025-03-01,flat,40,8,,true,false,""
2025-03-01,flat,62.5,5,,false,false,""
2025-03-01,flat,62.5,5,,false,false,""
2025-03-01,flat,62.5,5,,false,false,""
2025-03-01,flat,62.5,5,,false,false,""
2025-03-01,flat,62.5,5,,false,false,""
2025-02-27,flat,20,20,,true,false,""
2025-02-27,flat,30,30,,true,false,""
2025-02-27,flat,40,40,,true,false,""
2025-02-27,flat,60,5,,false,false,""
2025-02-27,flat,60,5,,false,false,""
2025-02-27,flat,60,5,,false,false,""
2025-02-27,flat,60,5,,false,false,""
2025-02-27,flat,60,5,,false,false,""
2025-02-25,flat,20,8,,true,false,""
2025-02-25,flat,40,8,,true,false,""
2025-02-25,flat,50,8,,true,false,""
2025-02-25,flat,62.5,5,,false,false,"Met clips"
2025-02-25,flat,62.5,5,,false,false,""
2025-02-25,flat,62.5,5,,false,false,""
2025-02-25,flat,62.5,5,,false,false,""
2025-02-25,flat,62.5,5,,false,false,""
2025-02-23,flat,20,20,,true,false,""
2025-02-23,flat,30,30,,true,false,""
2025-02-23,flat,40,40,,true,false,""
2025-02-23,flat,60,5,,false,false,""
2025-02-23,flat,60,5,,false,false,""
2025-02-23,flat,60,5,,false,false,""
2025-02-23,flat,60,5,,false,false,""
2025-02-23,flat,60,5,,false,false,""
2025-02-03,incline,40,12,,false,false,""
2025-02-03,incline,40,12,,false,false,""
2025-02-03,incline,40,12,,false,false,""
2025-01-30,flat,20,12,,true,false,""
2025-01-30,flat,30,8,,true,false,""
2025-01-30,flat,40,6,,true,false,""
2025-01-30,flat,65,6,,false,false,""
2025-01-30,flat,60,5,,false,false,"Pause"
2025-01-30,flat,60,6,,false,true,""
2025-01-30,incline,40,10,,false,false,""
2025-01-30,incline,40,8,,false,false,""
2025-01-30,incline,40,8,,false,false,""
2025-01-27,incline,20,0,,true,false,""
2025-01-27,incline,40,10,,false,false,""
2025-01-27,incline,45,6,,false,false,""
2025-01-27,incline,50,6,,false,false,""
2025-01-27,incline,55,4,,false,false,""
2025-01-27,incline,60,2,,false,false,""
2025-01-27,incline,65,2,,false,false,""
2025-01-27,incline,40,17,,false,false,""
2025-01-21,flat,20,10,,true,false,"Bar ➜ 8-10~ reps"
2025-01-21,flat,30,6,,true,false,"40% of 1RM ➜ 5-6 reps"
2025-01-21,flat,47.5,5,,true,false,"60% of 1RM ➜ 3-5 reps"
2025-01-21,flat,47.5,5,,true,false,"60% of 1RM ➜ 3-5 reps"
2025-01-21,flat,60,10,,false,false,""
2025-01-21,flat,60,8,,false,false,""
2025-01-21,flat,60,6,,false,false,""
2025-01-06,flat,20,10,,true,false,"Bar ➜ 8-10~ reps"
2025-01-06,flat,30,6,,true,false,"40% of 1RM ➜ 5-6 reps"
2025-01-06,flat,47.5,5,,true,false,"60% of 1RM ➜ 3-5 reps"
2025-01-06,flat,62.5,3,,true,false,"80% of 1RM ➜ 1-3 reps"
2025-01-06,flat,67.5,5,,false,false,""
2025-01-06,flat,67.5,5,,false,false,""
2025-01-06,flat,67.5,6,,false,true,""
2025-01-02,flat,20,10,,true,false,"Bar ➜ 8-10~ reps"
2025-01-02,flat,30,6,,true,false,"40% of 1RM ➜ 5-6 reps"
2025-01-02,flat,47.5,5,,true,false,"60% of 1RM ➜ 3-5 reps"
2025-01-02,flat,62.5,3,,true,false,"80% of 1RM ➜ 1-3 reps"
2025-01-02,flat,65,5,,false,false,"Paused"
2025-01-02,flat,65,5,,false,false,"Paused"
2025-01-02,flat,65,5,,false,false,""
2025-01-02,flat,65,5,,false,false,""
2025-01-02,flat,65,5,,false,false,""
2024-12-27,flat,20,15,,true,false,""
2024-12-27,flat,40,10,,true,false,""
2024-12-27,flat,55,15,,false,false,""
2024-12-27,flat,57.5,10,,false,false,""
2024-12-27,flat,57.5,8,,false,false,""
2024-12-19,flat,20,10,,true,false,""
2024-12-19,flat,40,8,,true,false,""
2024-12-19,flat,60,6,,true,false,""
2024-12-19,flat,70,5,,false,false,""
2024-12-19,flat,70,4,,false,false,""
2024-12-19,flat,70,4,,false,false,""
2024-12-19,smith_incline,40,12,,false,false,""
2024-12-19,smith_incline,40,11,,false,false,""
2024-12-19,smith_incline,40,13,,false,true,""
2024-12-16,flat,20,10,,true,false,""
2024-12-16,flat,40,5,,true,false,""
2024-12-16,flat,60,1,,true,false,""
2024-12-16,flat,65,8,,false,false,""
2024-12-16,flat,67.5,5,,false,false,""
2024-12-16,flat,67.5,4,,false,false,""
2024-12-16,flat,67.5,4,,false,false,""
2024-12-16,flat,67.5,3,,false,false,""
2024-11-28,incline,20,20,,true,false,""
2024-11-28,incline,30,10,,true,false,""
2024-11-28,incline,40,10,,false,false,"Moderate weight ~8 reps (afgelopen keer was 40kg x 10 te licht)"
2024-11-28,incline,60,5,,false,false,"Heavier weight ~5 reps"
2024-11-28,incline,40,14,,false,true,"Lighter weight ~15 reps"